{
    "$schema": "https://schema.management.azure.com/schemas/2019-04-01/deploymentTemplate.json#",
    "contentVersion": "1.0.0.0",
    "parameters": {
        "location": {
            "type": "string",
            "defaultValue": "[resourceGroup().location]",
            "metadata": {
                "description": "Location for all resources."
            }
        },
        "name": {
            "type": "string"
        }
    },
    "functions": [],
    "variables": {
        "storageAccountName": "[concat(parameters('name'),uniqueString(resourceGroup().id))]",
        "vnetName": "[concat('vnet-',parameters('name'))]",
        "vnetAddressPrefix": "172.16.0.0/23",
        "subnetAddressPrefix": "172.16.0.0/23"
    },
    "resources": [
        {
            "type": "Microsoft.Network/virtualNetworks",
            "apiVersion": "2022-05-01",
            "name": "[variables('vnetName')]",
            "location": "[parameters('location')]",
            "properties": {
                "addressSpace": {
                    "addressPrefixes": [
                        "[variables('vnetAddressPrefix')]"
                    ]
                },
                "subnets": [
                    {
                        "name": "default",
                        "properties": {
                            "addressPrefix": "[variables('subnetAddressPrefix')]"
                        }
                    }
                ]
            }
        },
        {
            "type": "Microsoft.Storage/storageAccounts",
            "apiVersion": "2021-06-01",
            "name": "[variables('storageAccountName')]",
            "location": "[parameters('location')]",
            "sku": {
                "name": "Standard_LRS",
                "tier": "Standard"
            },
            "kind": "StorageV2",
            "properties": {
                "accessTier": "Hot"
            }
        }
    ],
    "outputs": {}
}